img,cls
database\African_people\0.jpg,database\African_people
database\African_people\1.jpg,database\African_people
database\African_people\10.jpg,database\African_people
database\African_people\11.jpg,database\African_people
database\African_people\12.jpg,database\African_people
database\African_people\13.jpg,database\African_people
database\African_people\14.jpg,database\African_people
database\African_people\15.jpg,database\African_people
database\African_people\16.jpg,database\African_people
database\African_people\17.jpg,database\African_people
database\African_people\18.jpg,database\African_people
database\African_people\19.jpg,database\African_people
database\African_people\2.jpg,database\African_people
database\African_people\20.jpg,database\African_people
database\African_people\21.jpg,database\African_people
database\African_people\22.jpg,database\African_people
database\African_people\23.jpg,database\African_people
database\African_people\24.jpg,database\African_people
database\African_people\25.jpg,database\African_people
database\African_people\26.jpg,database\African_people
database\African_people\27.jpg,database\African_people
database\African_people\28.jpg,database\African_people
database\African_people\29.jpg,database\African_people
database\African_people\3.jpg,database\African_people
database\African_people\30.jpg,database\African_people
database\African_people\31.jpg,database\African_people
database\African_people\32.jpg,database\African_people
database\African_people\33.jpg,database\African_people
database\African_people\34.jpg,database\African_people
database\African_people\35.jpg,database\African_people
database\African_people\36.jpg,database\African_people
database\African_people\37.jpg,database\African_people
database\African_people\38.jpg,database\African_people
database\African_people\39.jpg,database\African_people
database\African_people\4.jpg,database\African_people
database\African_people\40.jpg,database\African_people
database\African_people\41.jpg,database\African_people
database\African_people\42.jpg,database\African_people
database\African_people\43.jpg,database\African_people
database\African_people\44.jpg,database\African_people
database\African_people\45.jpg,database\African_people
database\African_people\46.jpg,database\African_people
database\African_people\47.jpg,database\African_people
database\African_people\48.jpg,database\African_people
database\African_people\49.jpg,database\African_people
database\African_people\5.jpg,database\African_people
database\African_people\50.jpg,database\African_people
database\African_people\51.jpg,database\African_people
database\African_people\52.jpg,database\African_people
database\African_people\53.jpg,database\African_people
database\African_people\54.jpg,database\African_people
database\African_people\55.jpg,database\African_people
database\African_people\56.jpg,database\African_people
database\African_people\57.jpg,database\African_people
database\African_people\58.jpg,database\African_people
database\African_people\59.jpg,database\African_people
database\African_people\6.jpg,database\African_people
database\African_people\60.jpg,database\African_people
database\African_people\61.jpg,database\African_people
database\African_people\62.jpg,database\African_people
database\African_people\63.jpg,database\African_people
database\African_people\64.jpg,database\African_people
database\African_people\65.jpg,database\African_people
database\African_people\66.jpg,database\African_people
database\African_people\67.jpg,database\African_people
database\African_people\68.jpg,database\African_people
database\African_people\69.jpg,database\African_people
database\African_people\7.jpg,database\African_people
database\African_people\70.jpg,database\African_people
database\African_people\71.jpg,database\African_people
database\African_people\72.jpg,database\African_people
database\African_people\73.jpg,database\African_people
database\African_people\74.jpg,database\African_people
database\African_people\75.jpg,database\African_people
database\African_people\76.jpg,database\African_people
database\African_people\77.jpg,database\African_people
database\African_people\78.jpg,database\African_people
database\African_people\79.jpg,database\African_people
database\African_people\8.jpg,database\African_people
database\African_people\80.jpg,database\African_people
database\African_people\81.jpg,database\African_people
database\African_people\82.jpg,database\African_people
database\African_people\83.jpg,database\African_people
database\African_people\84.jpg,database\African_people
database\African_people\85.jpg,database\African_people
database\African_people\86.jpg,database\African_people
database\African_people\87.jpg,database\African_people
database\African_people\88.jpg,database\African_people
database\African_people\89.jpg,database\African_people
database\African_people\9.jpg,database\African_people
database\African_people\90.jpg,database\African_people
database\African_people\91.jpg,database\African_people
database\African_people\92.jpg,database\African_people
database\African_people\93.jpg,database\African_people
database\African_people\94.jpg,database\African_people
database\African_people\95.jpg,database\African_people
database\African_people\96.jpg,database\African_people
database\African_people\97.jpg,database\African_people
database\African_people\98.jpg,database\African_people
database\African_people\99.jpg,database\African_people
database\Beach\100.jpg,database\Beach
database\Beach\101.jpg,database\Beach
database\Beach\102.jpg,database\Beach
database\Beach\103.jpg,database\Beach
database\Beach\104.jpg,database\Beach
database\Beach\105.jpg,database\Beach
database\Beach\106.jpg,database\Beach
database\Beach\107.jpg,database\Beach
database\Beach\108.jpg,database\Beach
database\Beach\109.jpg,database\Beach
database\Beach\110.jpg,database\Beach
database\Beach\111.jpg,database\Beach
database\Beach\112.jpg,database\Beach
database\Beach\113.jpg,database\Beach
database\Beach\114.jpg,database\Beach
database\Beach\115.jpg,database\Beach
database\Beach\116.jpg,database\Beach
database\Beach\117.jpg,database\Beach
database\Beach\118.jpg,database\Beach
database\Beach\119.jpg,database\Beach
database\Beach\120.jpg,database\Beach
database\Beach\121.jpg,database\Beach
database\Beach\122.jpg,database\Beach
database\Beach\123.jpg,database\Beach
database\Beach\124.jpg,database\Beach
database\Beach\125.jpg,database\Beach
database\Beach\126.jpg,database\Beach
database\Beach\127.jpg,database\Beach
database\Beach\128.jpg,database\Beach
database\Beach\129.jpg,database\Beach
database\Beach\130.jpg,database\Beach
database\Beach\131.jpg,database\Beach
database\Beach\132.jpg,database\Beach
database\Beach\133.jpg,database\Beach
database\Beach\134.jpg,database\Beach
database\Beach\135.jpg,database\Beach
database\Beach\136.jpg,database\Beach
database\Beach\137.jpg,database\Beach
database\Beach\138.jpg,database\Beach
database\Beach\139.jpg,database\Beach
database\Beach\140.jpg,database\Beach
database\Beach\141.jpg,database\Beach
database\Beach\142.jpg,database\Beach
database\Beach\143.jpg,database\Beach
database\Beach\144.jpg,database\Beach
database\Beach\145.jpg,database\Beach
database\Beach\146.jpg,database\Beach
database\Beach\147.jpg,database\Beach
database\Beach\148.jpg,database\Beach
database\Beach\149.jpg,database\Beach
database\Beach\150.jpg,database\Beach
database\Beach\151.jpg,database\Beach
database\Beach\152.jpg,database\Beach
database\Beach\153.jpg,database\Beach
database\Beach\154.jpg,database\Beach
database\Beach\155.jpg,database\Beach
database\Beach\156.jpg,database\Beach
database\Beach\157.jpg,database\Beach
database\Beach\158.jpg,database\Beach
database\Beach\159.jpg,database\Beach
database\Beach\160.jpg,database\Beach
database\Beach\161.jpg,database\Beach
database\Beach\162.jpg,database\Beach
database\Beach\163.jpg,database\Beach
database\Beach\164.jpg,database\Beach
database\Beach\165.jpg,database\Beach
database\Beach\166.jpg,database\Beach
database\Beach\167.jpg,database\Beach
database\Beach\168.jpg,database\Beach
database\Beach\169.jpg,database\Beach
database\Beach\170.jpg,database\Beach
database\Beach\171.jpg,database\Beach
database\Beach\172.jpg,database\Beach
database\Beach\173.jpg,database\Beach
database\Beach\174.jpg,database\Beach
database\Beach\175.jpg,database\Beach
database\Beach\176.jpg,database\Beach
database\Beach\177.jpg,database\Beach
database\Beach\178.jpg,database\Beach
database\Beach\179.jpg,database\Beach
database\Beach\180.jpg,database\Beach
database\Beach\181.jpg,database\Beach
database\Beach\182.jpg,database\Beach
database\Beach\183.jpg,database\Beach
database\Beach\184.jpg,database\Beach
database\Beach\185.jpg,database\Beach
database\Beach\186.jpg,database\Beach
database\Beach\187.jpg,database\Beach
database\Beach\188.jpg,database\Beach
database\Beach\189.jpg,database\Beach
database\Beach\190.jpg,database\Beach
database\Beach\191.jpg,database\Beach
database\Beach\192.jpg,database\Beach
database\Beach\193.jpg,database\Beach
database\Beach\194.jpg,database\Beach
database\Beach\195.jpg,database\Beach
database\Beach\196.jpg,database\Beach
database\Beach\197.jpg,database\Beach
database\Beach\198.jpg,database\Beach
database\Beach\199.jpg,database\Beach
database\Building\200.jpg,database\Building
database\Building\201.jpg,database\Building
database\Building\202.jpg,database\Building
database\Building\203.jpg,database\Building
database\Building\204.jpg,database\Building
database\Building\205.jpg,database\Building
database\Building\206.jpg,database\Building
database\Building\207.jpg,database\Building
database\Building\208.jpg,database\Building
database\Building\209.jpg,database\Building
database\Building\210.jpg,database\Building
database\Building\211.jpg,database\Building
database\Building\212.jpg,database\Building
database\Building\213.jpg,database\Building
database\Building\214.jpg,database\Building
database\Building\215.jpg,database\Building
database\Building\216.jpg,database\Building
database\Building\217.jpg,database\Building
database\Building\218.jpg,database\Building
database\Building\219.jpg,database\Building
database\Building\220.jpg,database\Building
database\Building\221.jpg,database\Building
database\Building\222.jpg,database\Building
database\Building\223.jpg,database\Building
database\Building\224.jpg,database\Building
database\Building\225.jpg,database\Building
database\Building\226.jpg,database\Building
database\Building\227.jpg,database\Building
database\Building\228.jpg,database\Building
database\Building\229.jpg,database\Building
database\Building\230.jpg,database\Building
database\Building\231.jpg,database\Building
database\Building\232.jpg,database\Building
database\Building\233.jpg,database\Building
database\Building\234.jpg,database\Building
database\Building\235.jpg,database\Building
database\Building\236.jpg,database\Building
database\Building\237.jpg,database\Building
database\Building\238.jpg,database\Building
database\Building\239.jpg,database\Building
database\Building\240.jpg,database\Building
database\Building\241.jpg,database\Building
database\Building\242.jpg,database\Building
database\Building\243.jpg,database\Building
database\Building\244.jpg,database\Building
database\Building\245.jpg,database\Building
database\Building\246.jpg,database\Building
database\Building\247.jpg,database\Building
database\Building\248.jpg,database\Building
database\Building\249.jpg,database\Building
database\Building\250.jpg,database\Building
database\Building\251.jpg,database\Building
database\Building\252.jpg,database\Building
database\Building\253.jpg,database\Building
database\Building\254.jpg,database\Building
database\Building\255.jpg,database\Building
database\Building\256.jpg,database\Building
database\Building\257.jpg,database\Building
database\Building\258.jpg,database\Building
database\Building\259.jpg,database\Building
database\Building\260.jpg,database\Building
database\Building\261.jpg,database\Building
database\Building\262.jpg,database\Building
database\Building\263.jpg,database\Building
database\Building\264.jpg,database\Building
database\Building\265.jpg,database\Building
database\Building\266.jpg,database\Building
database\Building\267.jpg,database\Building
database\Building\268.jpg,database\Building
database\Building\269.jpg,database\Building
database\Building\270.jpg,database\Building
database\Building\271.jpg,database\Building
database\Building\272.jpg,database\Building
database\Building\273.jpg,database\Building
database\Building\274.jpg,database\Building
database\Building\275.jpg,database\Building
database\Building\276.jpg,database\Building
database\Building\277.jpg,database\Building
database\Building\278.jpg,database\Building
database\Building\279.jpg,database\Building
database\Building\280.jpg,database\Building
database\Building\281.jpg,database\Building
database\Building\282.jpg,database\Building
database\Building\283.jpg,database\Building
database\Building\284.jpg,database\Building
database\Building\285.jpg,database\Building
database\Building\286.jpg,database\Building
database\Building\287.jpg,database\Building
database\Building\288.jpg,database\Building
database\Building\289.jpg,database\Building
database\Building\290.jpg,database\Building
database\Building\291.jpg,database\Building
database\Building\292.jpg,database\Building
database\Building\293.jpg,database\Building
database\Building\294.jpg,database\Building
database\Building\295.jpg,database\Building
database\Building\296.jpg,database\Building
database\Building\297.jpg,database\Building
database\Building\298.jpg,database\Building
database\Building\299.jpg,database\Building
database\Buses\300.jpg,database\Buses
database\Buses\301.jpg,database\Buses
database\Buses\302.jpg,database\Buses
database\Buses\303.jpg,database\Buses
database\Buses\304.jpg,database\Buses
database\Buses\305.jpg,database\Buses
database\Buses\306.jpg,database\Buses
database\Buses\307.jpg,database\Buses
database\Buses\308.jpg,database\Buses
database\Buses\309.jpg,database\Buses
database\Buses\310.jpg,database\Buses
database\Buses\311.jpg,database\Buses
database\Buses\312.jpg,database\Buses
database\Buses\313.jpg,database\Buses
database\Buses\314.jpg,database\Buses
database\Buses\315.jpg,database\Buses
database\Buses\316.jpg,database\Buses
database\Buses\317.jpg,database\Buses
database\Buses\318.jpg,database\Buses
database\Buses\319.jpg,database\Buses
database\Buses\320.jpg,database\Buses
database\Buses\321.jpg,database\Buses
database\Buses\322.jpg,database\Buses
database\Buses\323.jpg,database\Buses
database\Buses\324.jpg,database\Buses
database\Buses\325.jpg,database\Buses
database\Buses\326.jpg,database\Buses
database\Buses\327.jpg,database\Buses
database\Buses\328.jpg,database\Buses
database\Buses\329.jpg,database\Buses
database\Buses\330.jpg,database\Buses
database\Buses\331.jpg,database\Buses
database\Buses\332.jpg,database\Buses
database\Buses\333.jpg,database\Buses
database\Buses\334.jpg,database\Buses
database\Buses\335.jpg,database\Buses
database\Buses\336.jpg,database\Buses
database\Buses\337.jpg,database\Buses
database\Buses\338.jpg,database\Buses
database\Buses\339.jpg,database\Buses
database\Buses\340.jpg,database\Buses
database\Buses\341.jpg,database\Buses
database\Buses\342.jpg,database\Buses
database\Buses\343.jpg,database\Buses
database\Buses\344.jpg,database\Buses
database\Buses\345.jpg,database\Buses
database\Buses\346.jpg,database\Buses
database\Buses\347.jpg,database\Buses
database\Buses\348.jpg,database\Buses
database\Buses\349.jpg,database\Buses
database\Buses\350.jpg,database\Buses
database\Buses\351.jpg,database\Buses
database\Buses\352.jpg,database\Buses
database\Buses\353.jpg,database\Buses
database\Buses\354.jpg,database\Buses
database\Buses\355.jpg,database\Buses
database\Buses\356.jpg,database\Buses
database\Buses\357.jpg,database\Buses
database\Buses\358.jpg,database\Buses
database\Buses\359.jpg,database\Buses
database\Buses\360.jpg,database\Buses
database\Buses\361.jpg,database\Buses
database\Buses\362.jpg,database\Buses
database\Buses\363.jpg,database\Buses
database\Buses\364.jpg,database\Buses
database\Buses\365.jpg,database\Buses
database\Buses\366.jpg,database\Buses
database\Buses\367.jpg,database\Buses
database\Buses\368.jpg,database\Buses
database\Buses\369.jpg,database\Buses
database\Buses\370.jpg,database\Buses
database\Buses\371.jpg,database\Buses
database\Buses\372.jpg,database\Buses
database\Buses\373.jpg,database\Buses
database\Buses\374.jpg,database\Buses
database\Buses\375.jpg,database\Buses
database\Buses\376.jpg,database\Buses
database\Buses\377.jpg,database\Buses
database\Buses\378.jpg,database\Buses
database\Buses\379.jpg,database\Buses
database\Buses\380.jpg,database\Buses
database\Buses\381.jpg,database\Buses
database\Buses\382.jpg,database\Buses
database\Buses\383.jpg,database\Buses
database\Buses\384.jpg,database\Buses
database\Buses\385.jpg,database\Buses
database\Buses\386.jpg,database\Buses
database\Buses\387.jpg,database\Buses
database\Buses\388.jpg,database\Buses
database\Buses\389.jpg,database\Buses
database\Buses\390.jpg,database\Buses
database\Buses\391.jpg,database\Buses
database\Buses\392.jpg,database\Buses
database\Buses\393.jpg,database\Buses
database\Buses\394.jpg,database\Buses
database\Buses\395.jpg,database\Buses
database\Buses\396.jpg,database\Buses
database\Buses\397.jpg,database\Buses
database\Buses\398.jpg,database\Buses
database\Buses\399.jpg,database\Buses
database\Dinosaurs\400.jpg,database\Dinosaurs
database\Dinosaurs\401.jpg,database\Dinosaurs
database\Dinosaurs\402.jpg,database\Dinosaurs
database\Dinosaurs\403.jpg,database\Dinosaurs
database\Dinosaurs\404.jpg,database\Dinosaurs
database\Dinosaurs\405.jpg,database\Dinosaurs
database\Dinosaurs\406.jpg,database\Dinosaurs
database\Dinosaurs\407.jpg,database\Dinosaurs
database\Dinosaurs\408.jpg,database\Dinosaurs
database\Dinosaurs\409.jpg,database\Dinosaurs
database\Dinosaurs\410.jpg,database\Dinosaurs
database\Dinosaurs\411.jpg,database\Dinosaurs
database\Dinosaurs\412.jpg,database\Dinosaurs
database\Dinosaurs\413.jpg,database\Dinosaurs
database\Dinosaurs\414.jpg,database\Dinosaurs
database\Dinosaurs\415.jpg,database\Dinosaurs
database\Dinosaurs\416.jpg,database\Dinosaurs
database\Dinosaurs\417.jpg,database\Dinosaurs
database\Dinosaurs\418.jpg,database\Dinosaurs
database\Dinosaurs\419.jpg,database\Dinosaurs
database\Dinosaurs\420.jpg,database\Dinosaurs
database\Dinosaurs\421.jpg,database\Dinosaurs
database\Dinosaurs\422.jpg,database\Dinosaurs
database\Dinosaurs\423.jpg,database\Dinosaurs
database\Dinosaurs\424.jpg,database\Dinosaurs
database\Dinosaurs\425.jpg,database\Dinosaurs
database\Dinosaurs\426.jpg,database\Dinosaurs
database\Dinosaurs\427.jpg,database\Dinosaurs
database\Dinosaurs\428.jpg,database\Dinosaurs
database\Dinosaurs\429.jpg,database\Dinosaurs
database\Dinosaurs\430.jpg,database\Dinosaurs
database\Dinosaurs\431.jpg,database\Dinosaurs
database\Dinosaurs\432.jpg,database\Dinosaurs
database\Dinosaurs\433.jpg,database\Dinosaurs
database\Dinosaurs\434.jpg,database\Dinosaurs
database\Dinosaurs\435.jpg,database\Dinosaurs
database\Dinosaurs\436.jpg,database\Dinosaurs
database\Dinosaurs\437.jpg,database\Dinosaurs
database\Dinosaurs\438.jpg,database\Dinosaurs
database\Dinosaurs\439.jpg,database\Dinosaurs
database\Dinosaurs\440.jpg,database\Dinosaurs
database\Dinosaurs\441.jpg,database\Dinosaurs
database\Dinosaurs\442.jpg,database\Dinosaurs
database\Dinosaurs\443.jpg,database\Dinosaurs
database\Dinosaurs\444.jpg,database\Dinosaurs
database\Dinosaurs\445.jpg,database\Dinosaurs
database\Dinosaurs\446.jpg,database\Dinosaurs
database\Dinosaurs\447.jpg,database\Dinosaurs
database\Dinosaurs\448.jpg,database\Dinosaurs
database\Dinosaurs\449.jpg,database\Dinosaurs
database\Dinosaurs\450.jpg,database\Dinosaurs
database\Dinosaurs\451.jpg,database\Dinosaurs
database\Dinosaurs\452.jpg,database\Dinosaurs
database\Dinosaurs\453.jpg,database\Dinosaurs
database\Dinosaurs\454.jpg,database\Dinosaurs
database\Dinosaurs\455.jpg,database\Dinosaurs
database\Dinosaurs\456.jpg,database\Dinosaurs
database\Dinosaurs\457.jpg,database\Dinosaurs
database\Dinosaurs\458.jpg,database\Dinosaurs
database\Dinosaurs\459.jpg,database\Dinosaurs
database\Dinosaurs\460.jpg,database\Dinosaurs
database\Dinosaurs\461.jpg,database\Dinosaurs
database\Dinosaurs\462.jpg,database\Dinosaurs
database\Dinosaurs\463.jpg,database\Dinosaurs
database\Dinosaurs\464.jpg,database\Dinosaurs
database\Dinosaurs\465.jpg,database\Dinosaurs
database\Dinosaurs\466.jpg,database\Dinosaurs
database\Dinosaurs\467.jpg,database\Dinosaurs
database\Dinosaurs\468.jpg,database\Dinosaurs
database\Dinosaurs\469.jpg,database\Dinosaurs
database\Dinosaurs\470.jpg,database\Dinosaurs
database\Dinosaurs\471.jpg,database\Dinosaurs
database\Dinosaurs\472.jpg,database\Dinosaurs
database\Dinosaurs\473.jpg,database\Dinosaurs
database\Dinosaurs\474.jpg,database\Dinosaurs
database\Dinosaurs\475.jpg,database\Dinosaurs
database\Dinosaurs\476.jpg,database\Dinosaurs
database\Dinosaurs\477.jpg,database\Dinosaurs
database\Dinosaurs\478.jpg,database\Dinosaurs
database\Dinosaurs\479.jpg,database\Dinosaurs
database\Dinosaurs\480.jpg,database\Dinosaurs
database\Dinosaurs\481.jpg,database\Dinosaurs
database\Dinosaurs\482.jpg,database\Dinosaurs
database\Dinosaurs\483.jpg,database\Dinosaurs
database\Dinosaurs\484.jpg,database\Dinosaurs
database\Dinosaurs\485.jpg,database\Dinosaurs
database\Dinosaurs\486.jpg,database\Dinosaurs
database\Dinosaurs\487.jpg,database\Dinosaurs
database\Dinosaurs\488.jpg,database\Dinosaurs
database\Dinosaurs\489.jpg,database\Dinosaurs
database\Dinosaurs\490.jpg,database\Dinosaurs
database\Dinosaurs\491.jpg,database\Dinosaurs
database\Dinosaurs\492.jpg,database\Dinosaurs
database\Dinosaurs\493.jpg,database\Dinosaurs
database\Dinosaurs\494.jpg,database\Dinosaurs
database\Dinosaurs\495.jpg,database\Dinosaurs
database\Dinosaurs\496.jpg,database\Dinosaurs
database\Dinosaurs\497.jpg,database\Dinosaurs
database\Dinosaurs\498.jpg,database\Dinosaurs
database\Dinosaurs\499.jpg,database\Dinosaurs
database\Elephants\500.jpg,database\Elephants
database\Elephants\501.jpg,database\Elephants
database\Elephants\502.jpg,database\Elephants
database\Elephants\503.jpg,database\Elephants
database\Elephants\504.jpg,database\Elephants
database\Elephants\505.jpg,database\Elephants
database\Elephants\506.jpg,database\Elephants
database\Elephants\507.jpg,database\Elephants
database\Elephants\508.jpg,database\Elephants
database\Elephants\509.jpg,database\Elephants
database\Elephants\510.jpg,database\Elephants
database\Elephants\511.jpg,database\Elephants
database\Elephants\512.jpg,database\Elephants
database\Elephants\513.jpg,database\Elephants
database\Elephants\514.jpg,database\Elephants
database\Elephants\515.jpg,database\Elephants
database\Elephants\516.jpg,database\Elephants
database\Elephants\517.jpg,database\Elephants
database\Elephants\518.jpg,database\Elephants
database\Elephants\519.jpg,database\Elephants
database\Elephants\520.jpg,database\Elephants
database\Elephants\521.jpg,database\Elephants
database\Elephants\522.jpg,database\Elephants
database\Elephants\523.jpg,database\Elephants
database\Elephants\524.jpg,database\Elephants
database\Elephants\525.jpg,database\Elephants
database\Elephants\526.jpg,database\Elephants
database\Elephants\527.jpg,database\Elephants
database\Elephants\528.jpg,database\Elephants
database\Elephants\529.jpg,database\Elephants
database\Elephants\530.jpg,database\Elephants
database\Elephants\531.jpg,database\Elephants
database\Elephants\532.jpg,database\Elephants
database\Elephants\533.jpg,database\Elephants
database\Elephants\534.jpg,database\Elephants
database\Elephants\535.jpg,database\Elephants
database\Elephants\536.jpg,database\Elephants
database\Elephants\537.jpg,database\Elephants
database\Elephants\538.jpg,database\Elephants
database\Elephants\539.jpg,database\Elephants
database\Elephants\540.jpg,database\Elephants
database\Elephants\541.jpg,database\Elephants
database\Elephants\542.jpg,database\Elephants
database\Elephants\543.jpg,database\Elephants
database\Elephants\544.jpg,database\Elephants
database\Elephants\545.jpg,database\Elephants
database\Elephants\546.jpg,database\Elephants
database\Elephants\547.jpg,database\Elephants
database\Elephants\548.jpg,database\Elephants
database\Elephants\549.jpg,database\Elephants
database\Elephants\550.jpg,database\Elephants
database\Elephants\551.jpg,database\Elephants
database\Elephants\552.jpg,database\Elephants
database\Elephants\553.jpg,database\Elephants
database\Elephants\554.jpg,database\Elephants
database\Elephants\555.jpg,database\Elephants
database\Elephants\556.jpg,database\Elephants
database\Elephants\557.jpg,database\Elephants
database\Elephants\558.jpg,database\Elephants
database\Elephants\559.jpg,database\Elephants
database\Elephants\560.jpg,database\Elephants
database\Elephants\561.jpg,database\Elephants
database\Elephants\562.jpg,database\Elephants
database\Elephants\563.jpg,database\Elephants
database\Elephants\564.jpg,database\Elephants
database\Elephants\565.jpg,database\Elephants
database\Elephants\566.jpg,database\Elephants
database\Elephants\567.jpg,database\Elephants
database\Elephants\568.jpg,database\Elephants
database\Elephants\569.jpg,database\Elephants
database\Elephants\570.jpg,database\Elephants
database\Elephants\571.jpg,database\Elephants
database\Elephants\572.jpg,database\Elephants
database\Elephants\573.jpg,database\Elephants
database\Elephants\574.jpg,database\Elephants
database\Elephants\575.jpg,database\Elephants
database\Elephants\576.jpg,database\Elephants
database\Elephants\577.jpg,database\Elephants
database\Elephants\578.jpg,database\Elephants
database\Elephants\579.jpg,database\Elephants
database\Elephants\580.jpg,database\Elephants
database\Elephants\581.jpg,database\Elephants
database\Elephants\582.jpg,database\Elephants
database\Elephants\583.jpg,database\Elephants
database\Elephants\584.jpg,database\Elephants
database\Elephants\585.jpg,database\Elephants
database\Elephants\586.jpg,database\Elephants
database\Elephants\587.jpg,database\Elephants
database\Elephants\588.jpg,database\Elephants
database\Elephants\589.jpg,database\Elephants
database\Elephants\590.jpg,database\Elephants
database\Elephants\591.jpg,database\Elephants
database\Elephants\592.jpg,database\Elephants
database\Elephants\593.jpg,database\Elephants
database\Elephants\594.jpg,database\Elephants
database\Elephants\595.jpg,database\Elephants
database\Elephants\596.jpg,database\Elephants
database\Elephants\597.jpg,database\Elephants
database\Elephants\598.jpg,database\Elephants
database\Elephants\599.jpg,database\Elephants
database\Flowers\600.jpg,database\Flowers
database\Flowers\601.jpg,database\Flowers
database\Flowers\602.jpg,database\Flowers
database\Flowers\603.jpg,database\Flowers
database\Flowers\604.jpg,database\Flowers
database\Flowers\605.jpg,database\Flowers
database\Flowers\606.jpg,database\Flowers
database\Flowers\607.jpg,database\Flowers
database\Flowers\608.jpg,database\Flowers
database\Flowers\609.jpg,database\Flowers
database\Flowers\610.jpg,database\Flowers
database\Flowers\611.jpg,database\Flowers
database\Flowers\612.jpg,database\Flowers
database\Flowers\613.jpg,database\Flowers
database\Flowers\614.jpg,database\Flowers
database\Flowers\615.jpg,database\Flowers
database\Flowers\616.jpg,database\Flowers
database\Flowers\617.jpg,database\Flowers
database\Flowers\618.jpg,database\Flowers
database\Flowers\619.jpg,database\Flowers
database\Flowers\620.jpg,database\Flowers
database\Flowers\621.jpg,database\Flowers
database\Flowers\622.jpg,database\Flowers
database\Flowers\623.jpg,database\Flowers
database\Flowers\624.jpg,database\Flowers
database\Flowers\625.jpg,database\Flowers
database\Flowers\626.jpg,database\Flowers
database\Flowers\627.jpg,database\Flowers
database\Flowers\628.jpg,database\Flowers
database\Flowers\629.jpg,database\Flowers
database\Flowers\630.jpg,database\Flowers
database\Flowers\631.jpg,database\Flowers
database\Flowers\632.jpg,database\Flowers
database\Flowers\633.jpg,database\Flowers
database\Flowers\634.jpg,database\Flowers
database\Flowers\635.jpg,database\Flowers
database\Flowers\636.jpg,database\Flowers
database\Flowers\637.jpg,database\Flowers
database\Flowers\638.jpg,database\Flowers
database\Flowers\639.jpg,database\Flowers
database\Flowers\640.jpg,database\Flowers
database\Flowers\641.jpg,database\Flowers
database\Flowers\642.jpg,database\Flowers
database\Flowers\643.jpg,database\Flowers
database\Flowers\644.jpg,database\Flowers
database\Flowers\645.jpg,database\Flowers
database\Flowers\646.jpg,database\Flowers
database\Flowers\647.jpg,database\Flowers
database\Flowers\648.jpg,database\Flowers
database\Flowers\649.jpg,database\Flowers
database\Flowers\650.jpg,database\Flowers
database\Flowers\651.jpg,database\Flowers
database\Flowers\652.jpg,database\Flowers
database\Flowers\653.jpg,database\Flowers
database\Flowers\654.jpg,database\Flowers
database\Flowers\655.jpg,database\Flowers
database\Flowers\656.jpg,database\Flowers
database\Flowers\657.jpg,database\Flowers
database\Flowers\658.jpg,database\Flowers
database\Flowers\659.jpg,database\Flowers
database\Flowers\660.jpg,database\Flowers
database\Flowers\661.jpg,database\Flowers
database\Flowers\662.jpg,database\Flowers
database\Flowers\663.jpg,database\Flowers
database\Flowers\664.jpg,database\Flowers
database\Flowers\665.jpg,database\Flowers
database\Flowers\666.jpg,database\Flowers
database\Flowers\667.jpg,database\Flowers
database\Flowers\668.jpg,database\Flowers
database\Flowers\669.jpg,database\Flowers
database\Flowers\670.jpg,database\Flowers
database\Flowers\671.jpg,database\Flowers
database\Flowers\672.jpg,database\Flowers
database\Flowers\673.jpg,database\Flowers
database\Flowers\674.jpg,database\Flowers
database\Flowers\675.jpg,database\Flowers
database\Flowers\676.jpg,database\Flowers
database\Flowers\677.jpg,database\Flowers
database\Flowers\678.jpg,database\Flowers
database\Flowers\679.jpg,database\Flowers
database\Flowers\680.jpg,database\Flowers
database\Flowers\681.jpg,database\Flowers
database\Flowers\682.jpg,database\Flowers
database\Flowers\683.jpg,database\Flowers
database\Flowers\684.jpg,database\Flowers
database\Flowers\685.jpg,database\Flowers
database\Flowers\686.jpg,database\Flowers
database\Flowers\687.jpg,database\Flowers
database\Flowers\688.jpg,database\Flowers
database\Flowers\689.jpg,database\Flowers
database\Flowers\690.jpg,database\Flowers
database\Flowers\691.jpg,database\Flowers
database\Flowers\692.jpg,database\Flowers
database\Flowers\693.jpg,database\Flowers
database\Flowers\694.jpg,database\Flowers
database\Flowers\695.jpg,database\Flowers
database\Flowers\696.jpg,database\Flowers
database\Flowers\697.jpg,database\Flowers
database\Flowers\698.jpg,database\Flowers
database\Flowers\699.jpg,database\Flowers
database\Food\900.jpg,database\Food
database\Food\901.jpg,database\Food
database\Food\902.jpg,database\Food
database\Food\903.jpg,database\Food
database\Food\904.jpg,database\Food
database\Food\905.jpg,database\Food
database\Food\906.jpg,database\Food
database\Food\907.jpg,database\Food
database\Food\908.jpg,database\Food
database\Food\909.jpg,database\Food
database\Food\910.jpg,database\Food
database\Food\911.jpg,database\Food
database\Food\912.jpg,database\Food
database\Food\913.jpg,database\Food
database\Food\914.jpg,database\Food
database\Food\915.jpg,database\Food
database\Food\916.jpg,database\Food
database\Food\917.jpg,database\Food
database\Food\918.jpg,database\Food
database\Food\919.jpg,database\Food
database\Food\920.jpg,database\Food
database\Food\921.jpg,database\Food
database\Food\922.jpg,database\Food
database\Food\923.jpg,database\Food
database\Food\924.jpg,database\Food
database\Food\925.jpg,database\Food
database\Food\926.jpg,database\Food
database\Food\927.jpg,database\Food
database\Food\928.jpg,database\Food
database\Food\929.jpg,database\Food
database\Food\930.jpg,database\Food
database\Food\931.jpg,database\Food
database\Food\932.jpg,database\Food
database\Food\933.jpg,database\Food
database\Food\934.jpg,database\Food
database\Food\935.jpg,database\Food
database\Food\936.jpg,database\Food
database\Food\937.jpg,database\Food
database\Food\938.jpg,database\Food
database\Food\939.jpg,database\Food
database\Food\940.jpg,database\Food
database\Food\941.jpg,database\Food
database\Food\942.jpg,database\Food
database\Food\943.jpg,database\Food
database\Food\944.jpg,database\Food
database\Food\945.jpg,database\Food
database\Food\946.jpg,database\Food
database\Food\947.jpg,database\Food
database\Food\948.jpg,database\Food
database\Food\949.jpg,database\Food
database\Food\950.jpg,database\Food
database\Food\951.jpg,database\Food
database\Food\952.jpg,database\Food
database\Food\953.jpg,database\Food
database\Food\954.jpg,database\Food
database\Food\955.jpg,database\Food
database\Food\956.jpg,database\Food
database\Food\957.jpg,database\Food
database\Food\958.jpg,database\Food
database\Food\959.jpg,database\Food
database\Food\960.jpg,database\Food
database\Food\961.jpg,database\Food
database\Food\962.jpg,database\Food
database\Food\963.jpg,database\Food
database\Food\964.jpg,database\Food
database\Food\965.jpg,database\Food
database\Food\966.jpg,database\Food
database\Food\967.jpg,database\Food
database\Food\968.jpg,database\Food
database\Food\969.jpg,database\Food
database\Food\970.jpg,database\Food
database\Food\971.jpg,database\Food
database\Food\972.jpg,database\Food
database\Food\973.jpg,database\Food
database\Food\974.jpg,database\Food
database\Food\975.jpg,database\Food
database\Food\976.jpg,database\Food
database\Food\977.jpg,database\Food
database\Food\978.jpg,database\Food
database\Food\979.jpg,database\Food
database\Food\980.jpg,database\Food
database\Food\981.jpg,database\Food
database\Food\982.jpg,database\Food
database\Food\983.jpg,database\Food
database\Food\984.jpg,database\Food
database\Food\985.jpg,database\Food
database\Food\986.jpg,database\Food
database\Food\987.jpg,database\Food
database\Food\988.jpg,database\Food
database\Food\989.jpg,database\Food
database\Food\990.jpg,database\Food
database\Food\991.jpg,database\Food
database\Food\992.jpg,database\Food
database\Food\993.jpg,database\Food
database\Food\994.jpg,database\Food
database\Food\995.jpg,database\Food
database\Food\996.jpg,database\Food
database\Food\997.jpg,database\Food
database\Food\998.jpg,database\Food
database\Food\999.jpg,database\Food
database\Horses\700.jpg,database\Horses
database\Horses\701.jpg,database\Horses
database\Horses\702.jpg,database\Horses
database\Horses\703.jpg,database\Horses
database\Horses\704.jpg,database\Horses
database\Horses\705.jpg,database\Horses
database\Horses\706.jpg,database\Horses
database\Horses\707.jpg,database\Horses
database\Horses\708.jpg,database\Horses
database\Horses\709.jpg,database\Horses
database\Horses\710.jpg,database\Horses
database\Horses\711.jpg,database\Horses
database\Horses\712.jpg,database\Horses
database\Horses\713.jpg,database\Horses
database\Horses\714.jpg,database\Horses
database\Horses\715.jpg,database\Horses
database\Horses\716.jpg,database\Horses
database\Horses\717.jpg,database\Horses
database\Horses\718.jpg,database\Horses
database\Horses\719.jpg,database\Horses
database\Horses\720.jpg,database\Horses
database\Horses\721.jpg,database\Horses
database\Horses\722.jpg,database\Horses
database\Horses\723.jpg,database\Horses
database\Horses\724.jpg,database\Horses
database\Horses\725.jpg,database\Horses
database\Horses\726.jpg,database\Horses
database\Horses\727.jpg,database\Horses
database\Horses\728.jpg,database\Horses
database\Horses\729.jpg,database\Horses
database\Horses\730.jpg,database\Horses
database\Horses\731.jpg,database\Horses
database\Horses\732.jpg,database\Horses
database\Horses\733.jpg,database\Horses
database\Horses\734.jpg,database\Horses
database\Horses\735.jpg,database\Horses
database\Horses\736.jpg,database\Horses
database\Horses\737.jpg,database\Horses
database\Horses\738.jpg,database\Horses
database\Horses\739.jpg,database\Horses
database\Horses\740.jpg,database\Horses
database\Horses\741.jpg,database\Horses
database\Horses\742.jpg,database\Horses
database\Horses\743.jpg,database\Horses
database\Horses\744.jpg,database\Horses
database\Horses\745.jpg,database\Horses
database\Horses\746.jpg,database\Horses
database\Horses\747.jpg,database\Horses
database\Horses\748.jpg,database\Horses
database\Horses\749.jpg,database\Horses
database\Horses\750.jpg,database\Horses
database\Horses\751.jpg,database\Horses
database\Horses\752.jpg,database\Horses
database\Horses\753.jpg,database\Horses
database\Horses\754.jpg,database\Horses
database\Horses\755.jpg,database\Horses
database\Horses\756.jpg,database\Horses
database\Horses\757.jpg,database\Horses
database\Horses\758.jpg,database\Horses
database\Horses\759.jpg,database\Horses
database\Horses\760.jpg,database\Horses
database\Horses\761.jpg,database\Horses
database\Horses\762.jpg,database\Horses
database\Horses\763.jpg,database\Horses
database\Horses\764.jpg,database\Horses
database\Horses\765.jpg,database\Horses
database\Horses\766.jpg,database\Horses
database\Horses\767.jpg,database\Horses
database\Horses\768.jpg,database\Horses
database\Horses\769.jpg,database\Horses
database\Horses\770.jpg,database\Horses
database\Horses\771.jpg,database\Horses
database\Horses\772.jpg,database\Horses
database\Horses\773.jpg,database\Horses
database\Horses\774.jpg,database\Horses
database\Horses\775.jpg,database\Horses
database\Horses\776.jpg,database\Horses
database\Horses\777.jpg,database\Horses
database\Horses\778.jpg,database\Horses
database\Horses\779.jpg,database\Horses
database\Horses\780.jpg,database\Horses
database\Horses\781.jpg,database\Horses
database\Horses\782.jpg,database\Horses
database\Horses\783.jpg,database\Horses
database\Horses\784.jpg,database\Horses
database\Horses\785.jpg,database\Horses
database\Horses\786.jpg,database\Horses
database\Horses\787.jpg,database\Horses
database\Horses\788.jpg,database\Horses
database\Horses\789.jpg,database\Horses
database\Horses\790.jpg,database\Horses
database\Horses\791.jpg,database\Horses
database\Horses\792.jpg,database\Horses
database\Horses\793.jpg,database\Horses
database\Horses\794.jpg,database\Horses
database\Horses\795.jpg,database\Horses
database\Horses\796.jpg,database\Horses
database\Horses\797.jpg,database\Horses
database\Horses\798.jpg,database\Horses
database\Horses\799.jpg,database\Horses
database\Mountains\800.jpg,database\Mountains
database\Mountains\801.jpg,database\Mountains
database\Mountains\802.jpg,database\Mountains
database\Mountains\803.jpg,database\Mountains
database\Mountains\804.jpg,database\Mountains
database\Mountains\805.jpg,database\Mountains
database\Mountains\806.jpg,database\Mountains
database\Mountains\807.jpg,database\Mountains
database\Mountains\808.jpg,database\Mountains
database\Mountains\809.jpg,database\Mountains
database\Mountains\810.jpg,database\Mountains
database\Mountains\811.jpg,database\Mountains
database\Mountains\812.jpg,database\Mountains
database\Mountains\813.jpg,database\Mountains
database\Mountains\814.jpg,database\Mountains
database\Mountains\815.jpg,database\Mountains
database\Mountains\816.jpg,database\Mountains
database\Mountains\817.jpg,database\Mountains
database\Mountains\818.jpg,database\Mountains
database\Mountains\819.jpg,database\Mountains
database\Mountains\820.jpg,database\Mountains
database\Mountains\821.jpg,database\Mountains
database\Mountains\822.jpg,database\Mountains
database\Mountains\823.jpg,database\Mountains
database\Mountains\824.jpg,database\Mountains
database\Mountains\825.jpg,database\Mountains
database\Mountains\826.jpg,database\Mountains
database\Mountains\827.jpg,database\Mountains
database\Mountains\828.jpg,database\Mountains
database\Mountains\829.jpg,database\Mountains
database\Mountains\830.jpg,database\Mountains
database\Mountains\831.jpg,database\Mountains
database\Mountains\832.jpg,database\Mountains
database\Mountains\833.jpg,database\Mountains
database\Mountains\834.jpg,database\Mountains
database\Mountains\835.jpg,database\Mountains
database\Mountains\836.jpg,database\Mountains
database\Mountains\837.jpg,database\Mountains
database\Mountains\838.jpg,database\Mountains
database\Mountains\839.jpg,database\Mountains
database\Mountains\840.jpg,database\Mountains
database\Mountains\841.jpg,database\Mountains
database\Mountains\842.jpg,database\Mountains
database\Mountains\843.jpg,database\Mountains
database\Mountains\844.jpg,database\Mountains
database\Mountains\845.jpg,database\Mountains
database\Mountains\846.jpg,database\Mountains
database\Mountains\847.jpg,database\Mountains
database\Mountains\848.jpg,database\Mountains
database\Mountains\849.jpg,database\Mountains
database\Mountains\850.jpg,database\Mountains
database\Mountains\851.jpg,database\Mountains
database\Mountains\852.jpg,database\Mountains
database\Mountains\853.jpg,database\Mountains
database\Mountains\854.jpg,database\Mountains
database\Mountains\855.jpg,database\Mountains
database\Mountains\856.jpg,database\Mountains
database\Mountains\857.jpg,database\Mountains
database\Mountains\858.jpg,database\Mountains
database\Mountains\859.jpg,database\Mountains
database\Mountains\860.jpg,database\Mountains
database\Mountains\861.jpg,database\Mountains
database\Mountains\862.jpg,database\Mountains
database\Mountains\863.jpg,database\Mountains
database\Mountains\864.jpg,database\Mountains
database\Mountains\865.jpg,database\Mountains
database\Mountains\866.jpg,database\Mountains
database\Mountains\867.jpg,database\Mountains
database\Mountains\868.jpg,database\Mountains
database\Mountains\869.jpg,database\Mountains
database\Mountains\870.jpg,database\Mountains
database\Mountains\871.jpg,database\Mountains
database\Mountains\872.jpg,database\Mountains
database\Mountains\873.jpg,database\Mountains
database\Mountains\874.jpg,database\Mountains
database\Mountains\875.jpg,database\Mountains
database\Mountains\876.jpg,database\Mountains
database\Mountains\877.jpg,database\Mountains
database\Mountains\878.jpg,database\Mountains
database\Mountains\879.jpg,database\Mountains
database\Mountains\880.jpg,database\Mountains
database\Mountains\881.jpg,database\Mountains
database\Mountains\882.jpg,database\Mountains
database\Mountains\883.jpg,database\Mountains
database\Mountains\884.jpg,database\Mountains
database\Mountains\885.jpg,database\Mountains
database\Mountains\886.jpg,database\Mountains
database\Mountains\887.jpg,database\Mountains
database\Mountains\888.jpg,database\Mountains
database\Mountains\889.jpg,database\Mountains
database\Mountains\890.jpg,database\Mountains
database\Mountains\891.jpg,database\Mountains
database\Mountains\892.jpg,database\Mountains
database\Mountains\893.jpg,database\Mountains
database\Mountains\894.jpg,database\Mountains
database\Mountains\895.jpg,database\Mountains
database\Mountains\896.jpg,database\Mountains
database\Mountains\897.jpg,database\Mountains
database\Mountains\898.jpg,database\Mountains
database\Mountains\899.jpg,database\Mountains